,sentiment signal
1997-06-01,-1
1997-06-02,-1
1997-06-03,1
1997-06-04,1
1997-06-05,1
1997-06-06,1
1997-06-07,1
1997-06-08,1
1997-06-09,-1
1997-06-10,1
1997-06-11,1
1997-06-12,1
1997-06-13,1
1997-06-14,1
1997-06-15,1
1997-06-16,1
1997-06-17,1
1997-06-18,1
1997-06-19,1
1997-06-20,1
1997-06-21,1
1997-06-22,1
1997-06-23,1
1997-06-24,1
1997-06-25,1
1997-06-26,1
1997-06-27,1
1997-06-28,1
1997-06-29,1
1997-06-30,1
1997-07-01,1
1997-07-02,1
1997-07-03,1
1997-07-04,1
1997-07-05,1
1997-07-06,-1
1997-07-07,1
1997-07-08,1
1997-07-09,1
1997-07-10,-1
1997-07-11,1
1997-07-12,1
1997-07-13,1
1997-07-14,-1
1997-07-15,1
1997-07-16,-1
1997-07-17,1
1997-07-18,-1
1997-07-19,1
1997-07-20,1
1997-07-21,1
1997-07-22,1
1997-07-23,1
1997-07-24,1
1997-07-25,-1
1997-07-26,1
1997-07-27,1
1997-07-28,-1
1997-07-29,1
1997-07-30,1
1997-07-31,1
1997-08-01,1
1997-08-02,-1
1997-08-03,1
1997-08-04,1
1997-08-05,1
1997-08-06,1
1997-08-07,1
1997-08-08,1
1997-08-09,1
1997-08-10,1
1997-08-11,1
1997-08-12,1
1997-08-13,-1
1997-08-14,1
1997-08-15,1
1997-08-16,-1
1997-08-17,1
1997-08-18,-1
1997-08-19,1
1997-08-20,1
1997-08-21,1
1997-08-22,-1
1997-08-23,1
1997-08-24,1
1997-08-25,1
1997-08-26,1
1997-08-27,1
1997-08-28,1
1997-08-29,1
1997-08-30,1
1997-08-31,1
1997-09-01,1
1997-09-02,1
1997-09-03,1
1997-09-04,1
1997-09-05,1
1997-09-06,1
1997-09-07,1
1997-09-08,1
1997-09-09,1
1997-09-10,1
1997-09-11,-1
1997-09-12,1
1997-09-13,-1
1997-09-14,1
1997-09-15,1
1997-09-16,1
1997-09-17,1
1997-09-18,1
1997-09-19,1
1997-09-20,1
1997-09-21,1
1997-09-22,-1
1997-09-23,-1
1997-09-24,1
1997-09-25,1
1997-09-26,-1
1997-09-27,1
1997-09-28,1
1997-09-29,-1
1997-09-30,1
1997-10-01,1
1997-10-02,1
1997-10-03,1
1997-10-04,1
1997-10-05,1
1997-10-06,1
1997-10-07,1
1997-10-08,1
1997-10-09,1
1997-10-10,1
1997-10-11,1
1997-10-12,1
1997-10-13,-1
1997-10-14,1
1997-10-15,1
1997-10-16,1
1997-10-17,1
1997-10-18,-1
1997-10-19,1
1997-10-20,1
1997-10-21,1
1997-10-22,1
1997-10-23,-1
1997-10-24,1
1997-10-25,-1
1997-10-26,1
1997-10-27,-1
1997-10-28,-1
1997-10-29,-1
1997-10-30,1
1997-10-31,1
1997-11-01,-1
1997-11-02,1
1997-11-03,-1
1997-11-04,-1
1997-11-05,1
1997-11-06,-1
1997-11-07,-1
1997-11-08,-1
1997-11-09,1
1997-11-10,-1
1997-11-11,1
1997-11-12,1
1997-11-13,1
1997-11-14,1
1997-11-15,1
1997-11-16,1
1997-11-17,-1
1997-11-18,1
1997-11-19,1
1997-11-20,1
1997-11-21,1
1997-11-22,-1
1997-11-23,1
1997-11-24,1
1997-11-25,-1
1997-11-26,-1
1997-11-27,-1
1997-11-28,1
1997-11-29,-1
1997-11-30,1
1997-12-01,1
1997-12-02,1
1997-12-03,-1
1997-12-04,1
1997-12-05,1
1997-12-06,1
1997-12-07,1
1997-12-08,-1
1997-12-09,1
1997-12-10,-1
1997-12-11,-1
1997-12-12,-1
1997-12-13,1
1997-12-14,1
1997-12-15,-1
1997-12-16,1
1997-12-17,1
1997-12-18,-1
1997-12-19,-1
1997-12-20,1
1997-12-21,-1
1997-12-22,-1
1997-12-23,1
1997-12-24,-1
1997-12-25,-1
1997-12-26,-1
1997-12-27,1
1997-12-28,1
1997-12-29,-1
1997-12-30,1
1997-12-31,1
1998-01-01,1
1998-01-02,1
1998-01-03,1
1998-01-04,1
1998-01-05,1
1998-01-06,1
1998-01-07,1
1998-01-08,1
1998-01-09,-1
1998-01-10,-1
1998-01-11,1
1998-01-12,-1
1998-01-13,-1
1998-01-14,1
1998-01-15,1
1998-01-16,1
1998-01-17,1
1998-01-18,1
1998-01-19,1
1998-01-21,1
1998-01-22,1
1998-01-23,1
1998-01-24,1
1998-01-25,1
1998-01-26,-1
1998-01-27,1
1998-01-28,1
1998-01-29,1
1998-01-30,-1
1998-01-31,-1
1998-02-01,1
1998-02-02,-1
1998-02-03,1
1998-02-04,1
1998-02-05,1
1998-02-06,1
1998-02-07,1
1998-02-08,1
1998-02-09,1
1998-02-10,1
1998-02-11,1
1998-02-12,-1
1998-02-13,-1
1998-02-14,1
1998-02-15,1
1998-02-16,1
1998-02-17,-1
1998-02-18,1
1998-02-19,-1
1998-02-20,-1
1998-02-21,1
1998-02-22,-1
1998-02-23,-1
1998-02-24,1
1998-02-25,1
1998-02-26,-1
1998-02-27,1
1998-02-28,1
1998-03-01,1
1998-03-02,-1
1998-03-03,1
1998-03-04,1
1998-03-05,-1
1998-03-06,1
1998-03-07,1
1998-03-08,1
1998-03-09,1
1998-03-10,-1
1998-03-11,1
1998-03-12,-1
1998-03-13,1
1998-03-14,1
1998-03-15,1
1998-03-16,1
1998-03-17,1
1998-03-18,1
1998-03-19,1
1998-03-20,1
1998-03-21,-1
1998-03-22,1
1998-03-23,-1
1998-03-24,1
1998-03-25,1
1998-03-26,1
1998-03-27,1
1998-03-28,1
1998-03-29,1
1998-03-30,1
1998-03-31,1
1998-04-01,1
1998-04-02,1
1998-04-03,1
1998-04-04,1
1998-04-05,1
1998-04-06,1
1998-04-07,1
1998-04-08,1
1998-04-09,1
1998-04-10,-1
1998-04-11,1
1998-04-12,1
1998-04-13,1
1998-04-14,1
1998-04-15,1
1998-04-16,1
1998-04-17,1
1998-04-18,1
1998-04-19,1
1998-04-20,1
1998-04-21,1
1998-04-22,1
1998-04-23,1
1998-04-24,-1
1998-04-25,-1
1998-04-26,1
1998-04-27,1
1998-04-28,1
1998-04-29,1
1998-04-30,1
1998-05-01,1
1998-05-02,-1
1998-05-03,1
1998-05-04,1
1998-05-05,-1
1998-05-06,1
1998-05-07,-1
1998-05-08,1
1998-05-09,1
1998-05-10,1
1998-05-11,1
1998-05-12,1
1998-05-13,-1
1998-05-14,-1
1998-05-15,1
1998-05-16,1
1998-05-17,1
1998-05-18,1
1998-05-19,-1
1998-05-20,-1
1998-05-21,-1
1998-05-22,1
1998-05-23,1
1998-05-24,1
1998-05-25,1
1998-05-26,1
1998-05-27,-1
1998-05-28,-1
1998-05-29,1
1998-05-30,1
1998-05-31,1
1998-06-01,1
1998-06-02,1
1998-06-03,1
1998-06-04,1
1998-06-05,1
1998-06-06,1
1998-06-07,1
1998-06-08,-1
1998-06-09,1
1998-06-10,1
1998-06-11,1
1998-06-12,1
1998-06-13,-1
1998-06-14,1
1998-06-15,1
1998-06-16,-1
1998-06-17,1
1998-06-18,1
1998-06-19,1
1998-06-20,1
1998-06-21,1
1998-06-22,1
1998-06-23,-1
1998-06-24,1
1998-06-25,1
1998-06-26,-1
1998-06-27,1
1998-06-28,1
1998-06-29,1
1998-06-30,1
1998-07-01,-1
1998-07-02,1
1998-07-03,1
1998-07-04,1
1998-07-05,1
1998-07-06,1
1998-07-07,-1
1998-07-08,1
1998-07-09,-1
1998-07-10,1
1998-07-11,-1
1998-07-12,1
1998-07-13,1
1998-07-14,1
1998-07-15,-1
1998-07-16,1
1998-07-17,1
1998-07-18,1
1998-07-19,1
1998-07-20,-1
1998-07-21,1
1998-07-22,1
1998-07-23,1
1998-07-24,1
1998-07-25,1
1998-07-26,1
1998-07-27,1
1998-07-28,1
1998-07-29,-1
1998-07-30,-1
1998-07-31,1
1998-08-01,-1
1998-08-02,1
1998-08-03,1
1998-08-04,1
1998-08-05,1
1998-08-06,1
1998-08-07,1
1998-08-08,1
1998-08-09,1
1998-08-10,-1
1998-08-11,1
1998-08-12,1
1998-08-13,-1
1998-08-14,1
1998-08-15,1
1998-08-16,1
1998-08-17,-1
1998-08-19,-1
1998-08-20,1
1998-08-21,1
1998-08-22,-1
1998-08-23,1
1998-08-24,-1
1998-08-25,-1
1998-08-26,1
1998-08-27,1
1998-08-28,-1
1998-08-29,-1
1998-08-30,1
1998-08-31,-1
1998-09-01,1
1998-09-02,-1
1998-09-03,-1
1998-09-04,-1
1998-09-05,-1
1998-09-06,-1
1998-09-07,1
1998-09-08,-1
1998-09-09,1
1998-09-10,1
1998-09-11,-1
1998-09-12,1
1998-09-13,1
1998-09-14,-1
1998-09-15,1
1998-09-16,-1
1998-09-17,-1
1998-09-18,-1
1998-09-19,1
1998-09-20,1
1998-09-21,-1
1998-09-22,-1
1998-09-23,-1
1998-09-24,-1
1998-09-25,1
1998-09-26,1
1998-09-27,1
1998-09-28,1
1998-09-29,1
1998-09-30,1
1998-10-01,1
1998-10-02,1
1998-10-03,-1
1998-10-04,-1
1998-10-05,1
1998-10-06,1
1998-10-07,1
1998-10-08,1
1998-10-09,1
1998-10-10,1
1998-10-11,-1
1998-10-12,1
1998-10-13,1
1998-10-15,-1
1998-10-16,1
1998-10-17,1
1998-10-18,1
1998-10-19,1
1998-10-20,1
1998-10-21,1
1998-10-22,1
1998-10-23,1
1998-10-24,1
1998-10-25,1
1998-10-26,-1
1998-10-27,1
1998-10-28,1
1998-10-29,1
1998-10-30,1
1998-10-31,1
1998-11-01,1
1998-11-02,1
1998-11-03,1
1998-11-04,1
1998-11-05,-1
1998-11-06,1
1998-11-07,1
1998-11-08,1
1998-11-09,1
1998-11-10,1
1998-11-11,1
1998-11-12,1
1998-11-13,-1
1998-11-14,1
1998-11-15,1
1998-11-16,1
1998-11-17,1
1998-11-18,1
1998-11-19,1
1998-11-20,1
1998-11-21,1
1998-11-22,1
1998-11-23,1
1998-11-24,1
1998-11-25,1
1998-11-26,-1
1998-11-27,1
1998-11-28,1
1998-11-29,1
1998-11-30,1
1998-12-01,1
1998-12-02,1
1998-12-03,1
1998-12-04,1
1998-12-05,1
1998-12-06,1
1998-12-07,1
1998-12-08,1
1998-12-09,1
1998-12-10,1
1998-12-11,1
1998-12-12,-1
1998-12-13,1
1998-12-14,1
1998-12-15,-1
1998-12-16,-1
1998-12-17,1
1998-12-18,1
1998-12-19,1
1998-12-20,1
1998-12-21,1
1998-12-22,-1
1998-12-23,-1
1998-12-24,-1
1998-12-25,1
1998-12-26,1
1998-12-27,-1
1998-12-28,1
1998-12-29,1
1998-12-30,1
1998-12-31,1
1999-01-01,1
1999-01-02,1
1999-01-03,-1
1999-01-04,1
1999-01-05,1
1999-01-06,1
1999-01-07,1
1999-01-08,1
1999-01-09,1
1999-01-10,1
1999-01-11,1
1999-01-12,-1
1999-01-13,-1
1999-01-14,-1
1999-01-15,1
1999-01-16,1
1999-01-17,1
1999-01-18,1
1999-01-19,1
1999-01-20,1
1999-01-21,1
1999-01-22,1
1999-01-23,1
1999-01-24,1
1999-01-25,-1
1999-01-26,1
1999-01-27,1
1999-01-28,1
1999-01-29,1
1999-01-30,1
1999-01-31,1
1999-02-01,1
1999-02-02,1
1999-02-03,1
1999-02-04,1
1999-02-05,1
1999-02-06,-1
1999-02-07,1
1999-02-08,1
1999-02-09,1
1999-02-10,-1
1999-02-11,1
1999-02-12,-1
1999-02-13,1
1999-02-14,1
1999-02-15,1
1999-02-16,-1
1999-02-17,1
1999-02-18,1
1999-02-19,1
1999-02-20,1
1999-02-21,1
1999-02-22,1
1999-02-23,1
1999-02-24,1
1999-02-25,1
1999-02-26,1
1999-02-27,1
1999-02-28,1
1999-03-01,1
1999-03-02,-1
1999-03-03,1
1999-03-04,1
1999-03-05,1
1999-03-06,1
1999-03-07,1
1999-03-08,-1
1999-03-09,1
1999-03-10,1
1999-03-11,-1
1999-03-12,1
1999-03-13,1
1999-03-14,1
1999-03-15,1
1999-03-16,1
1999-03-17,1
1999-03-18,1
1999-03-19,-1
1999-03-20,1
1999-03-21,1
1999-03-22,-1
1999-03-23,1
1999-03-24,1
1999-03-25,1
1999-03-26,1
1999-03-27,1
1999-03-28,1
1999-03-29,1
1999-03-30,1
1999-03-31,1
1999-04-01,1
1999-04-02,1
1999-04-03,1
1999-04-04,1
1999-04-05,-1
1999-04-06,1
1999-04-07,1
1999-04-08,1
1999-04-09,1
1999-04-10,1
1999-04-11,1
1999-04-12,1
1999-04-13,1
1999-04-14,1
1999-04-15,1
1999-04-16,1
1999-04-17,1
1999-04-18,1
1999-04-19,1
1999-04-20,1
1999-04-21,-1
1999-04-22,1
1999-04-23,1
1999-04-24,-1
1999-04-25,1
1999-04-26,1
1999-04-27,1
1999-04-28,1
1999-04-29,1
1999-04-30,1
1999-05-01,1
1999-05-02,1
1999-05-03,-1
1999-05-04,1
1999-05-05,1
1999-05-06,1
1999-05-07,1
1999-05-08,1
1999-05-09,-1
1999-05-10,1
1999-05-11,1
1999-05-12,-1
1999-05-13,1
1999-05-14,-1
1999-05-15,-1
1999-05-16,1
1999-05-17,1
1999-05-18,1
1999-05-19,1
1999-05-20,1
1999-05-21,1
1999-05-22,1
1999-05-23,1
1999-05-24,-1
1999-05-25,-1
1999-05-26,1
1999-05-27,1
1999-05-28,1
1999-05-29,1
1999-05-30,1
1999-05-31,1
1999-06-01,1
1999-06-02,1
1999-06-03,-1
1999-06-04,1
1999-06-05,1
1999-06-06,1
1999-06-07,1
1999-06-08,1
1999-06-09,1
1999-06-10,1
1999-06-11,-1
1999-06-12,1
1999-06-13,1
1999-06-14,1
1999-06-15,1
1999-06-16,1
1999-06-17,1
1999-06-18,1
1999-06-19,1
1999-06-20,1
1999-06-21,1
1999-06-22,1
1999-06-23,1
1999-06-24,1
1999-06-25,1
1999-06-26,1
1999-06-27,1
1999-06-28,-1
1999-06-29,-1
1999-06-30,1
1999-07-01,1
1999-07-02,1
1999-07-03,1
1999-07-04,1
1999-07-05,1
1999-07-06,-1
1999-07-07,-1
1999-07-08,1
1999-07-09,1
1999-07-10,1
1999-07-11,-1
1999-07-12,-1
1999-07-13,1
1999-07-14,1
1999-07-15,1
1999-07-16,1
1999-07-17,-1
1999-07-18,1
1999-07-19,-1
1999-07-20,-1
1999-07-21,1
1999-07-22,1
1999-07-23,1
1999-07-24,1
1999-07-25,1
1999-07-26,1
1999-07-27,1
1999-07-28,1
1999-07-29,1
1999-07-30,1
1999-07-31,1
1999-08-01,1
1999-08-02,1
1999-08-03,1
1999-08-04,1
1999-08-05,-1
1999-08-06,1
1999-08-07,1
1999-08-08,1
1999-08-09,1
1999-08-10,1
1999-08-11,1
1999-08-12,1
1999-08-13,1
1999-08-14,1
1999-08-15,1
1999-08-16,1
1999-08-17,1
1999-08-18,1
1999-08-19,-1
1999-08-20,1
1999-08-21,1
1999-08-22,1
1999-08-23,-1
1999-08-24,1
1999-08-25,1
1999-08-26,1
1999-08-27,1
1999-08-28,1
1999-08-29,1
1999-08-30,-1
1999-08-31,1
1999-09-01,1
1999-09-02,1
1999-09-03,1
1999-09-04,1
1999-09-05,1
1999-09-06,-1
1999-09-07,1
1999-09-08,-1
1999-09-09,1
1999-09-10,1
1999-09-11,1
1999-09-12,1
1999-09-13,1
1999-09-14,1
1999-09-15,1
1999-09-16,1
1999-09-17,1
1999-09-18,1
1999-09-19,1
1999-09-20,-1
1999-09-21,-1
1999-09-22,1
1999-09-23,1
1999-09-24,1
1999-09-25,1
1999-09-26,1
1999-09-27,1
1999-09-28,1
1999-09-29,1
1999-09-30,1
1999-10-01,1
1999-10-02,1
1999-10-03,-1
1999-10-04,1
1999-10-05,-1
1999-10-06,1
1999-10-07,1
1999-10-08,1
1999-10-09,1
1999-10-10,1
1999-10-11,1
1999-10-12,1
1999-10-13,1
1999-10-14,1
1999-10-15,1
1999-10-16,1
1999-10-17,1
1999-10-18,-1
1999-10-19,-1
1999-10-20,1
1999-10-21,1
1999-10-22,1
1999-10-23,1
1999-10-24,1
1999-10-25,-1
1999-10-26,1
1999-10-27,1
1999-10-28,1
1999-10-29,1
1999-10-30,1
1999-10-31,1
1999-11-02,1
1999-11-03,1
1999-11-04,1
1999-11-05,1
1999-11-06,1
1999-11-07,-1
1999-11-08,-1
1999-11-09,1
1999-11-10,1
1999-11-11,1
1999-11-12,1
1999-11-13,1
1999-11-14,1
1999-11-15,-1
1999-11-16,1
1999-11-17,1
1999-11-18,-1
1999-11-19,-1
1999-11-20,1
1999-11-21,1
1999-11-23,1
1999-11-24,-1
1999-11-25,1
1999-11-26,-1
1999-11-27,1
1999-11-28,1
1999-11-29,1
1999-11-30,-1
1999-12-01,1
1999-12-02,1
1999-12-03,1
1999-12-04,1
1999-12-05,1
1999-12-07,-1
1999-12-08,-1
1999-12-09,1
1999-12-10,1
1999-12-11,1
1999-12-12,1
1999-12-13,-1
1999-12-14,1
1999-12-15,1
1999-12-16,1
1999-12-17,1
1999-12-18,1
1999-12-19,1
1999-12-20,1
1999-12-21,1
1999-12-22,1
1999-12-23,-1
1999-12-24,1
1999-12-25,1
1999-12-26,1
1999-12-27,1
1999-12-28,1
1999-12-29,1
1999-12-30,1
1999-12-31,1
2000-01-01,1
2000-01-02,1
2000-01-03,1
2000-01-04,-1
2000-01-05,1
2000-01-06,-1
2000-01-07,1
2000-01-08,1
2000-01-09,1
2000-01-11,1
2000-01-12,1
2000-01-13,1
2000-01-14,1
2000-01-15,1
2000-01-16,1
2000-01-17,1
2000-01-18,1
2000-01-19,1
2000-01-20,1
2000-01-21,1
2000-01-22,1
2000-01-23,1
2000-01-24,1
2000-01-25,1
2000-01-26,1
2000-01-27,1
2000-01-28,1
2000-01-29,1
2000-01-30,1
2000-01-31,1
2000-02-01,1
2000-02-02,-1
2000-02-03,1
2000-02-04,1
2000-02-05,1
2000-02-06,1
2000-02-07,1
2000-02-08,-1
2000-02-09,1
2000-02-10,1
2000-02-11,1
2000-02-12,1
2000-02-13,1
2000-02-14,1
2000-02-15,-1
2000-02-16,1
2000-02-17,1
2000-02-18,-1
2000-02-19,1
2000-02-20,1
2000-02-21,-1
2000-02-22,1
2000-02-23,1
2000-02-24,1
2000-02-25,1
2000-02-26,1
2000-02-27,1
2000-02-28,1
2000-02-29,1
2000-03-01,1
2000-03-02,1
2000-03-03,1
2000-03-04,1
2000-03-05,1
2000-03-06,1
2000-03-07,1
2000-03-08,-1
2000-03-09,1
2000-03-10,1
2000-03-11,1
2000-03-12,1
2000-03-13,1
2000-03-14,1
2000-03-15,1
2000-03-16,1
2000-03-17,1
2000-03-18,1
2000-03-19,1
2000-03-20,1
2000-03-21,1
2000-03-22,1
2000-03-23,1
2000-03-24,1
2000-03-25,1
2000-03-26,1
2000-03-27,1
2000-03-28,1
2000-03-29,1
2000-03-30,1
2000-03-31,1
2000-04-01,1
2000-04-02,1
2000-04-03,1
2000-04-04,1
2000-04-05,-1
2000-04-06,1
2000-04-07,-1
2000-04-08,1
2000-04-09,1
2000-04-10,-1
2000-04-11,1
2000-04-12,1
2000-04-13,1
2000-04-14,1
2000-04-15,1
2000-04-16,1
2000-04-17,1
2000-04-18,1
2000-04-19,1
2000-04-20,1
2000-04-21,-1
2000-04-22,1
2000-04-23,1
2000-04-24,1
2000-04-25,1
2000-04-26,1
2000-04-27,1
2000-04-28,1
2000-04-29,1
2000-04-30,1
2000-05-01,1
2000-05-02,1
2000-05-03,1
2000-05-04,1
2000-05-05,1
2000-05-06,1
2000-05-07,1
2000-05-08,-1
2000-05-09,1
2000-05-10,1
2000-05-11,1
2000-05-12,1
2000-05-13,1
2000-05-14,1
2000-05-15,1
2000-05-16,1
2000-05-17,1
2000-05-18,1
2000-05-19,1
2000-05-20,1
2000-05-21,1
2000-05-22,1
2000-05-23,1
2000-05-24,1
2000-05-25,1
2000-05-26,1
2000-05-27,1
2000-05-28,1
2000-05-29,1
2000-05-30,1
2000-05-31,1
2000-06-01,1
2000-06-02,1
2000-06-03,1
2000-06-04,1
2000-06-05,1
2000-06-06,1
2000-06-07,1
2000-06-08,1
2000-06-09,1
2000-06-10,1
2000-06-11,1
2000-06-12,1
2000-06-13,-1
2000-06-14,1
2000-06-15,1
2000-06-16,1
2000-06-17,1
2000-06-18,1
2000-06-19,-1
2000-06-20,1
2000-06-21,1
2000-06-22,1
2000-06-23,1
2000-06-24,1
2000-06-25,1
2000-06-26,1
2000-06-27,1
2000-06-28,1
2000-06-29,1
2000-06-30,-1
2000-07-01,1
2000-07-02,1
2000-07-03,-1
2000-07-04,1
2000-07-05,1
2000-07-06,1
2000-07-07,-1
2000-07-08,-1
2000-07-09,-1
2000-07-10,1
2000-07-11,1
2000-07-12,1
2000-07-13,1
2000-07-14,1
2000-07-15,-1
2000-07-16,1
2000-07-17,1
2000-07-18,1
2000-07-19,1
2000-07-20,1
2000-07-21,1
2000-07-22,1
2000-07-23,1
2000-07-24,1
2000-07-25,1
2000-07-26,1
2000-07-27,-1
2000-07-28,-1
2000-07-29,1
2000-07-30,-1
2000-07-31,1
2000-08-01,-1
2000-08-02,1
2000-08-03,-1
2000-08-04,1
2000-08-05,1
2000-08-06,1
2000-08-07,1
2000-08-08,-1
2000-08-09,1
2000-08-10,-1
2000-08-11,-1
2000-08-12,1
2000-08-13,1
2000-08-14,1
2000-08-15,1
2000-08-16,1
2000-08-17,1
2000-08-18,1
2000-08-19,1
2000-08-20,1
2000-08-21,1
2000-08-22,1
2000-08-23,-1
2000-08-24,1
2000-08-25,1
2000-08-26,-1
2000-08-27,1
2000-08-28,1
2000-08-29,1
2000-08-30,-1
2000-08-31,1
2000-09-01,-1
2000-09-02,1
2000-09-03,1
2000-09-04,-1
2000-09-05,1
2000-09-06,1
2000-09-07,1
2000-09-08,1
2000-09-09,1
2000-09-10,1
2000-09-11,1
2000-09-12,1
2000-09-13,1
2000-09-14,1
2000-09-15,-1
2000-09-16,1
2000-09-17,1
2000-09-18,1
2000-09-19,-1
2000-09-20,1
2000-09-21,-1
2000-09-22,1
2000-09-23,1
2000-09-24,1
2000-09-25,1
2000-09-26,-1
2000-09-27,1
2000-09-28,1
2000-09-29,1
2000-09-30,1
2000-10-01,-1
2000-10-02,1
2000-10-03,-1
2000-10-04,-1
2000-10-05,1
2000-10-06,-1
2000-10-07,1
2000-10-08,1
2000-10-09,1
2000-10-10,1
2000-10-11,-1
2000-10-12,-1
2000-10-13,-1
2000-10-14,1
2000-10-15,1
2000-10-16,1
2000-10-17,-1
2000-10-18,1
2000-10-19,-1
2000-10-20,1
2000-10-21,1
2000-10-22,-1
2000-10-23,1
2000-10-24,1
2000-10-25,1
2000-10-26,1
2000-10-27,1
2000-10-28,1
2000-10-29,-1
2000-10-30,1
2000-10-31,1
2000-11-01,1
2000-11-02,-1
2000-11-03,1
2000-11-04,1
2000-11-05,1
2000-11-06,1
2000-11-07,1
2000-11-08,1
2000-11-09,1
2000-11-10,1
2000-11-11,1
2000-11-12,1
2000-11-13,1
2000-11-14,1
2000-11-15,1
2000-11-16,1
2000-11-17,1
2000-11-18,1
2000-11-19,1
2000-11-20,1
2000-11-21,1
2000-11-22,1
2000-11-23,1
2000-11-24,1
2000-11-25,1
2000-11-26,1
2000-11-27,1
2000-11-28,1
2000-11-29,-1
2000-11-30,1
2000-12-01,-1
2000-12-02,1
2000-12-03,1
2000-12-04,-1
2000-12-05,-1
2000-12-06,1
2000-12-07,-1
2000-12-08,1
2000-12-09,1
2000-12-10,-1
2000-12-11,-1
2000-12-12,1
2000-12-13,1
2000-12-14,1
2000-12-15,-1
2000-12-16,1
2000-12-17,1
2000-12-18,1
2000-12-19,1
2000-12-20,-1
2000-12-21,1
2000-12-22,1
2000-12-23,1
2000-12-24,1
2000-12-25,1
2000-12-26,1
2000-12-27,-1
2000-12-28,-1
2000-12-29,1
2000-12-30,1
2000-12-31,-1
2001-01-01,-1
2001-01-02,1
2001-01-03,1
2001-01-04,1
2001-01-05,1
2001-01-06,1
2001-01-07,1
2001-01-08,1
2001-01-09,1
2001-01-10,1
2001-01-11,1
2001-01-12,1
2001-01-13,1
2001-01-14,1
2001-01-15,1
2001-01-16,1
2001-01-17,1
2001-01-18,1
2001-01-19,1
2001-01-20,-1
2001-01-21,1
2001-01-22,1
2001-01-23,-1
2001-01-24,1
2001-01-25,1
2001-01-26,-1
2001-01-27,1
2001-01-28,-1
2001-01-29,1
2001-01-30,1
2001-01-31,-1
2001-02-01,-1
2001-02-02,-1
2001-02-03,1
2001-02-04,1
2001-02-05,1
2001-02-06,1
2001-02-07,1
2001-02-08,1
2001-02-09,-1
2001-02-10,1
2001-02-11,1
2001-02-12,1
2001-02-13,-1
2001-02-14,1
2001-02-15,1
2001-02-16,1
2001-02-17,1
2001-02-18,1
2001-02-19,1
2001-02-20,-1
2001-02-21,1
2001-02-22,1
2001-02-23,-1
2001-02-24,1
2001-02-25,1
2001-02-26,1
2001-02-27,-1
2001-02-28,1
2001-03-01,1
2001-03-02,1
2001-03-03,1
2001-03-04,1
2001-03-05,1
2001-03-06,1
2001-03-07,1
2001-03-08,1
2001-03-09,1
2001-03-10,-1
2001-03-11,1
2001-03-12,-1
2001-03-13,-1
2001-03-14,1
2001-03-15,-1
2001-03-16,1
2001-03-17,-1
2001-03-18,1
2001-03-19,1
2001-03-20,1
2001-03-21,1
2001-03-22,1
2001-03-23,1
2001-03-24,1
2001-03-25,1
2001-03-26,1
2001-03-27,1
2001-03-28,1
2001-03-29,1
2001-03-30,-1
2001-03-31,-1
2001-04-01,1
2001-04-02,1
2001-04-03,1
2001-04-04,1
2001-04-05,1
2001-04-06,-1
2001-04-07,1
2001-04-08,-1
2001-04-09,1
2001-04-10,1
2001-04-11,-1
2001-04-12,1
2001-04-13,-1
2001-04-14,1
2001-04-15,1
2001-04-16,1
2001-04-17,1
2001-04-18,1
2001-04-19,1
2001-04-20,1
2001-04-21,-1
2001-04-22,1
2001-04-23,1
2001-04-24,-1
2001-04-25,1
2001-04-26,-1
2001-04-27,1
2001-04-28,1
2001-04-29,1
2001-04-30,1
2001-05-01,1
2001-05-02,1
2001-05-03,1
2001-05-04,1
2001-05-05,-1
2001-05-06,1
2001-05-07,1
2001-05-08,-1
2001-05-09,1
2001-05-10,-1
2001-05-11,1
2001-05-12,1
2001-05-13,1
2001-05-14,1
2001-05-15,-1
2001-05-16,1
2001-05-17,1
2001-05-18,1
2001-05-19,1
2001-05-20,1
2001-05-21,1
2001-05-22,1
2001-05-23,-1
2001-05-24,-1
2001-05-25,-1
2001-05-26,1
2001-05-27,1
2001-05-28,-1
2001-05-29,1
2001-05-30,-1
2001-05-31,-1
2001-06-01,1
2001-06-02,1
2001-06-03,1
2001-06-04,1
2001-06-05,-1
2001-06-06,1
2001-06-07,1
2001-06-08,1
2001-06-09,1
2001-06-10,1
2001-06-11,1
2001-06-12,-1
2001-06-13,1
2001-06-14,-1
2001-06-15,-1
2001-06-16,1
2001-06-17,1
2001-06-18,1
2001-06-19,1
2001-06-20,-1
2001-06-21,1
2001-06-22,1
2001-06-23,-1
2001-06-24,1
2001-06-25,1
2001-06-26,1
2001-06-27,1
2001-06-28,1
2001-06-29,1
2001-06-30,-1
2001-07-01,1
2001-07-02,1
2001-07-03,0
2001-07-04,1
2001-07-05,1
2001-07-06,-1
2001-07-07,-1
2001-07-08,1
2001-07-09,1
2001-07-10,-1
2001-07-11,1
2001-07-12,-1
2001-07-13,1
2001-07-14,1
2001-07-15,1
2001-07-16,-1
2001-07-17,-1
2001-07-18,-1
2001-07-19,-1
2001-07-20,-1
2001-07-21,1
2001-07-22,1
2001-07-23,1
2001-07-24,-1
2001-07-25,1
2001-07-26,1
2001-07-27,1
2001-07-28,1
2001-07-29,1
2001-07-30,1
2001-07-31,1
2001-08-01,1
2001-08-02,1
2001-08-03,-1
2001-08-04,1
2001-08-05,1
2001-08-06,-1
2001-08-07,1
2001-08-08,1
2001-08-09,-1
2001-08-10,-1
2001-08-11,-1
2001-08-12,1
2001-08-13,1
2001-08-14,1
2001-08-15,-1
2001-08-16,1
2001-08-17,1
2001-08-18,-1
2001-08-19,1
2001-08-20,-1
2001-08-21,1
2001-08-22,1
2001-08-23,1
2001-08-24,1
2001-08-25,-1
2001-08-26,1
2001-08-27,1
2001-08-28,1
2001-08-29,1
2001-08-30,1
2001-08-31,-1
2001-09-01,1
2001-09-02,1
2001-09-03,1
2001-09-04,1
2001-09-05,1
2001-09-06,1
2001-09-07,-1
2001-09-08,-1
2001-09-09,1
2001-09-10,1
2001-09-11,-1
2001-09-12,-1
2001-09-13,-1
2001-09-14,-1
2001-09-15,-1
2001-09-16,-1
2001-09-17,-1
2001-09-18,-1
2001-09-19,-1
2001-09-20,-1
2001-09-21,-1
2001-09-22,-1
2001-09-23,-1
2001-09-24,-1
2001-09-25,-1
2001-09-26,-1
2001-09-27,-1
2001-09-28,-1
2001-09-29,-1
2001-09-30,-1
2001-10-01,-1
2001-10-02,-1
2001-10-03,-1
2001-10-04,1
2001-10-05,-1
2001-10-06,-1
2001-10-07,-1
2001-10-08,-1
2001-10-09,-1
2001-10-10,-1
2001-10-11,-1
2001-10-12,-1
2001-10-13,1
2001-10-14,-1
2001-10-15,-1
2001-10-16,1
2001-10-17,-1
2001-10-18,-1
2001-10-19,-1
2001-10-20,-1
2001-10-21,-1
2001-10-22,1
2001-10-23,-1
2001-10-24,1
2001-10-25,-1
2001-10-26,1
2001-10-27,1
2001-10-28,1
2001-10-29,1
2001-10-30,1
2001-10-31,1
2001-11-01,-1
2001-11-02,-1
2001-11-03,1
2001-11-04,-1
2001-11-05,1
2001-11-06,1
2001-11-07,1
2001-11-08,1
2001-11-09,1
2001-11-10,1
2001-11-11,1
2001-11-12,-1
2001-11-13,1
2001-11-14,1
2001-11-15,-1
2001-11-16,1
2001-11-17,-1
2001-11-18,1
2001-11-19,-1
2001-11-20,1
2001-11-21,-1
2001-11-22,-1
2001-11-23,-1
2001-11-24,-1
2001-11-25,-1
2001-11-26,1
2001-11-27,-1
2001-11-28,1
2001-11-29,-1
2001-11-30,-1
2001-12-01,-1
2001-12-02,1
2001-12-03,-1
2001-12-04,1
2001-12-05,-1
2001-12-06,-1
2001-12-07,1
2001-12-08,-1
2001-12-09,-1
2001-12-10,1
2001-12-11,1
2001-12-12,1
2001-12-13,1
2001-12-14,-1
2001-12-15,-1
2001-12-16,1
2001-12-17,-1
2001-12-18,1
2001-12-19,1
2001-12-20,-1
2001-12-21,-1
2001-12-22,-1
2001-12-23,1
2001-12-24,1
2001-12-26,1
2001-12-27,-1
2001-12-28,-1
2001-12-29,-1
2001-12-30,1
2001-12-31,1
2002-01-01,-1
2002-01-02,1
2002-01-03,1
2002-01-04,1
2002-01-05,-1
2002-01-06,1
2002-01-07,-1
2002-01-08,0
2002-01-09,1
2002-01-10,-1
2002-01-11,1
2002-01-12,1
2002-01-13,-1
2002-01-14,-1
2002-01-15,-1
2002-01-16,1
2002-01-17,-1
2002-01-18,-1
2002-01-19,1
2002-01-20,-1
2002-01-21,-1
2002-01-22,-1
2002-01-23,-1
2002-01-24,-1
2002-01-25,1
2002-01-26,1
2002-01-27,1
2002-01-28,-1
2002-01-29,1
2002-01-30,1
2002-01-31,1
2002-02-01,-1
2002-02-02,-1
2002-02-03,-1
2002-02-04,-1
2002-02-05,-1
2002-02-06,-1
2002-02-07,1
2002-02-08,1
2002-02-09,-1
2002-02-10,1
2002-02-11,-1
2002-02-12,1
2002-02-13,-1
2002-02-14,-1
2002-02-15,1
2002-02-16,1
2002-02-17,-1
2002-02-18,-1
2002-02-19,1
2002-02-20,-1
2002-02-21,-1
2002-02-22,1
2002-02-23,-1
2002-02-24,1
2002-02-25,1
2002-02-26,-1
2002-02-27,-1
2002-02-28,1
2002-03-01,-1
2002-03-02,1
2002-03-03,-1
2002-03-04,1
2002-03-05,1
2002-03-06,1
2002-03-07,1
2002-03-08,1
2002-03-09,1
2002-03-10,1
2002-03-11,1
2002-03-12,-1
2002-03-13,-1
2002-03-14,1
2002-03-15,-1
2002-03-16,-1
2002-03-17,-1
2002-03-18,-1
2002-03-19,1
2002-03-20,1
2002-03-21,1
2002-03-22,1
2002-03-23,1
2002-03-24,1
2002-03-25,1
2002-03-26,-1
2002-03-27,-1
2002-03-28,-1
2002-03-29,-1
2002-03-30,-1
2002-03-31,-1
2002-04-01,-1
2002-04-02,-1
2002-04-03,1
2002-04-04,1
2002-04-05,-1
2002-04-06,-1
2002-04-07,1
2002-04-08,1
2002-04-09,1
2002-04-10,1
2002-04-11,-1
2002-04-12,-1
2002-04-13,1
2002-04-14,1
2002-04-15,-1
2002-04-16,1
2002-04-17,1
2002-04-18,1
2002-04-19,1
2002-04-20,1
2002-04-21,1
2002-04-22,-1
2002-04-23,1
2002-04-24,-1
2002-04-25,1
2002-04-26,1
2002-04-27,-1
2002-04-28,1
2002-04-29,-1
2002-04-30,1
2002-05-01,-1
2002-05-02,1
2002-05-03,1
2002-05-04,-1
2002-05-05,1
2002-05-06,1
2002-05-07,1
2002-05-08,1
2002-05-09,1
2002-05-10,1
2002-05-11,1
2002-05-12,-1
2002-05-13,-1
2002-05-14,-1
2002-05-15,1
2002-05-16,1
2002-05-17,-1
2002-05-18,-1
2002-05-19,1
2002-05-20,1
2002-05-21,-1
2002-05-22,1
2002-05-23,-1
2002-05-24,-1
2002-05-25,-1
2002-05-26,-1
2002-05-27,1
2002-05-28,1
2002-05-29,1
2002-05-30,1
2002-05-31,1
2002-06-01,-1
2002-06-02,1
2002-06-03,-1
2002-06-04,1
2002-06-05,-1
2002-06-06,1
2002-06-07,1
2002-06-08,-1
2002-06-09,1
2002-06-10,-1
2002-06-11,1
2002-06-12,1
2002-06-13,-1
2002-06-14,1
2002-06-15,1
2002-06-16,1
2002-06-17,-1
2002-06-18,1
2002-06-19,1
2002-06-20,1
2002-06-21,1
2002-06-22,-1
2002-06-23,1
2002-06-24,-1
2002-06-25,-1
2002-06-26,1
2002-06-27,-1
2002-06-28,-1
2002-06-29,1
2002-06-30,-1
2002-07-01,-1
2002-07-02,1
2002-07-03,1
2002-07-04,-1
2002-07-05,-1
2002-07-06,1
2002-07-07,1
2002-07-08,1
2002-07-09,-1
2002-07-10,-1
2002-07-11,-1
2002-07-12,1
2002-07-13,-1
2002-07-14,1
2002-07-15,-1
2002-07-16,1
2002-07-17,-1
2002-07-18,1
2002-07-19,-1
2002-07-20,-1
2002-07-21,-1
2002-07-22,-1
2002-07-23,1
2002-07-24,1
2002-07-25,-1
2002-07-26,1
2002-07-27,1
2002-07-28,-1
2002-07-29,-1
2002-07-30,1
2002-07-31,-1
2002-08-01,-1
2002-08-02,-1
2002-08-03,-1
2002-08-04,1
2002-08-05,1
2002-08-06,1
2002-08-07,1
2002-08-08,-1
2002-08-09,1
2002-08-10,1
2002-08-11,1
2002-08-12,-1
2002-08-13,1
2002-08-14,-1
2002-08-15,1
2002-08-16,1
2002-08-17,1
2002-08-18,-1
2002-08-19,-1
2002-08-20,-1
2002-08-21,1
2002-08-22,1
2002-08-23,1
2002-08-24,-1
2002-08-25,-1
2002-08-26,1
2002-08-27,1
2002-08-28,1
2002-08-29,1
2002-08-30,-1
2002-08-31,1
2002-09-01,-1
2002-09-02,1
2002-09-03,1
2002-09-04,1
2002-09-05,-1
2002-09-06,-1
2002-09-07,1
2002-09-08,1
2002-09-09,1
2002-09-10,1
2002-09-11,-1
2002-09-12,-1
2002-09-13,-1
2002-09-14,1
2002-09-15,1
2002-09-16,-1
2002-09-17,1
2002-09-18,1
2002-09-19,1
2002-09-20,1
2002-09-21,-1
2002-09-22,-1
2002-09-23,1
2002-09-24,-1
2002-09-25,1
2002-09-26,-1
2002-09-27,1
2002-09-28,1
2002-09-29,1
2002-09-30,1
2002-10-01,-1
2002-10-02,-1
2002-10-03,1
2002-10-04,-1
2002-10-05,-1
2002-10-06,1
2002-10-07,-1
2002-10-08,1
2002-10-09,-1
2002-10-10,1
2002-10-11,1
2002-10-12,1
2002-10-13,1
2002-10-14,1
2002-10-15,1
2002-10-16,1
2002-10-17,-1
2002-10-18,1
2002-10-19,1
2002-10-20,1
2002-10-21,1
2002-10-22,1
2002-10-23,1
2002-10-24,1
2002-10-25,-1
2002-10-26,-1
2002-10-27,1
2002-10-28,-1
2002-10-29,-1
2002-10-30,1
2002-10-31,1
2002-11-01,1
2002-11-02,1
2002-11-03,1
2002-11-04,-1
2002-11-05,-1
2002-11-06,1
2002-11-07,1
2002-11-08,1
2002-11-09,1
2002-11-10,1
2002-11-11,1
2002-11-12,-1
2002-11-13,1
2002-11-14,-1
2002-11-15,-1
2002-11-16,1
2002-11-17,1
2002-11-18,1
2002-11-19,-1
2002-11-20,-1
2002-11-21,-1
2002-11-22,1
2002-11-23,1
2002-11-24,1
2002-11-25,1
2002-11-26,-1
2002-11-27,1
2002-11-28,-1
2002-11-29,-1
2002-11-30,1
2002-12-01,1
